Nombre;Apellidos;Email;FechaNacimiento;NombreCurso
Alejandro;Delgado Marín;delgadomarin@gmail.com;16/09/1998;1º D.A.M.
Ana María;Gil Gil;gilgil@gmail.com;14/01/1990;1º D.A.M.
Carmen;Domínguez Martin;dominguezmartin@gmail.com;05/04/1997;1º D.A.M.
Carmen;Gómez Domínguez;gomezdominguez@gmail.com;22/05/1995;1º D.A.M.
Cristina;Molina Morales;molinamorales@gmail.com;16/02/1996;1º D.A.M.
Jose;Núñez Serrano;nunezserrano@gmail.com;17/03/2000;1º D.A.M.
Juan;Hernández Gil;hernandezgil@gmail.com;14/03/2001;1º D.A.M.
María Ángeles;Blanco Gutiérrez;blancogutierrez@gmail.com;07/12/2001;1º D.A.M.
María Carmen;Serrano López;serranolopez@gmail.com;10/04/2000;1º D.A.M.
María Teresa;Navarro Serrano;navarroserrano@gmail.com;16/04/1996;1º D.A.M.
Alejandro;García Ortiz;garciaortiz@gmail.com;03/12/1995;2º D.A.M.
Carlos;García Ortega;garciaortega@gmail.com;03/02/1992;2º D.A.M.
Carlos;Ruiz Ortiz;ruizortiz@gmail.com;06/09/1997;2º D.A.M.
Carmen;Domínguez Fernández;dominguezfernandez@gmail.com;03/11/1997;2º D.A.M.
Javier;Romero Martínez;romeromartinez@gmail.com;17/11/1996;2º D.A.M.
Jose;Martin Gómez;martingomez@gmail.com;07/11/2000;2º D.A.M.
José Antonio;Sanz Domínguez;sanzdominguez@gmail.com;27/05/1992;2º D.A.M.
José Luis;Moreno Vázquez;morenovazquez@gmail.com;14/10/2000;2º D.A.M.
Josefa;Sánchez Sánchez;sanchezsanchez@gmail.com;15/09/1996;2º D.A.M.
Miguel;Alonso Rodríguez;alonsorodriguez@gmail.com;06/08/1992;2º D.A.M.
